sim_id,run_index,timepoint,chainno,home_wd,parTab_file,data_file_cts,cumu_times,gp_fixed,model_version,run_name,chainwd,plotwd,prior_func,inc_func,age_max,use_pos
1,1,4,1,~,C:\Users\Khalil\Desktop\repos\virosolver_paper\pars\lebanon\partab_gp_model.csv,C:\Users\Khalil\Desktop\repos\virosolver_paper\data\RHUH_Ct_data.csv,TRUE,TRUE,gp,sim_LEB_gp,C:\Users\Khalil\Desktop\repos\virosolver_paper\mcmc_chains\5.real_leb_ct\,C:\Users\Khalil\Desktop\repos\virosolver_paper\plots\5.real_leb_ct\,prior_func_hinge_gp,gaussian_process_model,,FALSE
2,1,5,1,~,C:\Users\Khalil\Desktop\repos\virosolver_paper\pars\lebanon\partab_gp_model.csv,C:\Users\Khalil\Desktop\repos\virosolver_paper\data\RHUH_Ct_data.csv,TRUE,TRUE,gp,sim_LEB_gp,C:\Users\Khalil\Desktop\repos\virosolver_paper\mcmc_chains\5.real_leb_ct\,C:\Users\Khalil\Desktop\repos\virosolver_paper\plots\5.real_leb_ct\,prior_func_hinge_gp,gaussian_process_model,,FALSE
3,1,6,1,~,C:\Users\Khalil\Desktop\repos\virosolver_paper\pars\lebanon\partab_gp_model.csv,C:\Users\Khalil\Desktop\repos\virosolver_paper\data\RHUH_Ct_data.csv,TRUE,TRUE,gp,sim_LEB_gp,C:\Users\Khalil\Desktop\repos\virosolver_paper\mcmc_chains\5.real_leb_ct\,C:\Users\Khalil\Desktop\repos\virosolver_paper\plots\5.real_leb_ct\,prior_func_hinge_gp,gaussian_process_model,,FALSE
4,1,7,1,~,C:\Users\Khalil\Desktop\repos\virosolver_paper\pars\lebanon\partab_gp_model.csv,C:\Users\Khalil\Desktop\repos\virosolver_paper\data\RHUH_Ct_data.csv,TRUE,TRUE,gp,sim_LEB_gp,C:\Users\Khalil\Desktop\repos\virosolver_paper\mcmc_chains\5.real_leb_ct\,C:\Users\Khalil\Desktop\repos\virosolver_paper\plots\5.real_leb_ct\,prior_func_hinge_gp,gaussian_process_model,,FALSE
5,1,8,1,~,C:\Users\Khalil\Desktop\repos\virosolver_paper\pars\lebanon\partab_gp_model.csv,C:\Users\Khalil\Desktop\repos\virosolver_paper\data\RHUH_Ct_data.csv,TRUE,TRUE,gp,sim_LEB_gp,C:\Users\Khalil\Desktop\repos\virosolver_paper\mcmc_chains\5.real_leb_ct\,C:\Users\Khalil\Desktop\repos\virosolver_paper\plots\5.real_leb_ct\,prior_func_hinge_gp,gaussian_process_model,,FALSE
6,1,9,1,~,C:\Users\Khalil\Desktop\repos\virosolver_paper\pars\lebanon\partab_gp_model.csv,C:\Users\Khalil\Desktop\repos\virosolver_paper\data\RHUH_Ct_data.csv,TRUE,TRUE,gp,sim_LEB_gp,C:\Users\Khalil\Desktop\repos\virosolver_paper\mcmc_chains\5.real_leb_ct\,C:\Users\Khalil\Desktop\repos\virosolver_paper\plots\5.real_leb_ct\,prior_func_hinge_gp,gaussian_process_model,,FALSE
7,1,10,1,~,C:\Users\Khalil\Desktop\repos\virosolver_paper\pars\lebanon\partab_gp_model.csv,C:\Users\Khalil\Desktop\repos\virosolver_paper\data\RHUH_Ct_data.csv,TRUE,TRUE,gp,sim_LEB_gp,C:\Users\Khalil\Desktop\repos\virosolver_paper\mcmc_chains\5.real_leb_ct\,C:\Users\Khalil\Desktop\repos\virosolver_paper\plots\5.real_leb_ct\,prior_func_hinge_gp,gaussian_process_model,,FALSE
8,1,11,1,~,C:\Users\Khalil\Desktop\repos\virosolver_paper\pars\lebanon\partab_gp_model.csv,C:\Users\Khalil\Desktop\repos\virosolver_paper\data\RHUH_Ct_data.csv,TRUE,TRUE,gp,sim_LEB_gp,C:\Users\Khalil\Desktop\repos\virosolver_paper\mcmc_chains\5.real_leb_ct\,C:\Users\Khalil\Desktop\repos\virosolver_paper\plots\5.real_leb_ct\,prior_func_hinge_gp,gaussian_process_model,,FALSE
9,1,12,1,~,C:\Users\Khalil\Desktop\repos\virosolver_paper\pars\lebanon\partab_gp_model.csv,C:\Users\Khalil\Desktop\repos\virosolver_paper\data\RHUH_Ct_data.csv,TRUE,TRUE,gp,sim_LEB_gp,C:\Users\Khalil\Desktop\repos\virosolver_paper\mcmc_chains\5.real_leb_ct\,C:\Users\Khalil\Desktop\repos\virosolver_paper\plots\5.real_leb_ct\,prior_func_hinge_gp,gaussian_process_model,,FALSE
10,1,13,1,~,C:\Users\Khalil\Desktop\repos\virosolver_paper\pars\lebanon\partab_gp_model.csv,C:\Users\Khalil\Desktop\repos\virosolver_paper\data\RHUH_Ct_data.csv,TRUE,TRUE,gp,sim_LEB_gp,C:\Users\Khalil\Desktop\repos\virosolver_paper\mcmc_chains\5.real_leb_ct\,C:\Users\Khalil\Desktop\repos\virosolver_paper\plots\5.real_leb_ct\,prior_func_hinge_gp,gaussian_process_model,,FALSE
11,1,14,1,~,C:\Users\Khalil\Desktop\repos\virosolver_paper\pars\lebanon\partab_gp_model.csv,C:\Users\Khalil\Desktop\repos\virosolver_paper\data\RHUH_Ct_data.csv,TRUE,TRUE,gp,sim_LEB_gp,C:\Users\Khalil\Desktop\repos\virosolver_paper\mcmc_chains\5.real_leb_ct\,C:\Users\Khalil\Desktop\repos\virosolver_paper\plots\5.real_leb_ct\,prior_func_hinge_gp,gaussian_process_model,,FALSE
12,1,15,1,~,C:\Users\Khalil\Desktop\repos\virosolver_paper\pars\lebanon\partab_gp_model.csv,C:\Users\Khalil\Desktop\repos\virosolver_paper\data\RHUH_Ct_data.csv,TRUE,TRUE,gp,sim_LEB_gp,C:\Users\Khalil\Desktop\repos\virosolver_paper\mcmc_chains\5.real_leb_ct\,C:\Users\Khalil\Desktop\repos\virosolver_paper\plots\5.real_leb_ct\,prior_func_hinge_gp,gaussian_process_model,,FALSE
13,1,16,1,~,C:\Users\Khalil\Desktop\repos\virosolver_paper\pars\lebanon\partab_gp_model.csv,C:\Users\Khalil\Desktop\repos\virosolver_paper\data\RHUH_Ct_data.csv,TRUE,TRUE,gp,sim_LEB_gp,C:\Users\Khalil\Desktop\repos\virosolver_paper\mcmc_chains\5.real_leb_ct\,C:\Users\Khalil\Desktop\repos\virosolver_paper\plots\5.real_leb_ct\,prior_func_hinge_gp,gaussian_process_model,,FALSE
14,1,17,1,~,C:\Users\Khalil\Desktop\repos\virosolver_paper\pars\lebanon\partab_gp_model.csv,C:\Users\Khalil\Desktop\repos\virosolver_paper\data\RHUH_Ct_data.csv,TRUE,TRUE,gp,sim_LEB_gp,C:\Users\Khalil\Desktop\repos\virosolver_paper\mcmc_chains\5.real_leb_ct\,C:\Users\Khalil\Desktop\repos\virosolver_paper\plots\5.real_leb_ct\,prior_func_hinge_gp,gaussian_process_model,,FALSE
15,1,18,1,~,C:\Users\Khalil\Desktop\repos\virosolver_paper\pars\lebanon\partab_gp_model.csv,C:\Users\Khalil\Desktop\repos\virosolver_paper\data\RHUH_Ct_data.csv,TRUE,TRUE,gp,sim_LEB_gp,C:\Users\Khalil\Desktop\repos\virosolver_paper\mcmc_chains\5.real_leb_ct\,C:\Users\Khalil\Desktop\repos\virosolver_paper\plots\5.real_leb_ct\,prior_func_hinge_gp,gaussian_process_model,,FALSE
16,1,19,1,~,C:\Users\Khalil\Desktop\repos\virosolver_paper\pars\lebanon\partab_gp_model.csv,C:\Users\Khalil\Desktop\repos\virosolver_paper\data\RHUH_Ct_data.csv,TRUE,TRUE,gp,sim_LEB_gp,C:\Users\Khalil\Desktop\repos\virosolver_paper\mcmc_chains\5.real_leb_ct\,C:\Users\Khalil\Desktop\repos\virosolver_paper\plots\5.real_leb_ct\,prior_func_hinge_gp,gaussian_process_model,,FALSE
17,1,20,1,~,C:\Users\Khalil\Desktop\repos\virosolver_paper\pars\lebanon\partab_gp_model.csv,C:\Users\Khalil\Desktop\repos\virosolver_paper\data\RHUH_Ct_data.csv,TRUE,TRUE,gp,sim_LEB_gp,C:\Users\Khalil\Desktop\repos\virosolver_paper\mcmc_chains\5.real_leb_ct\,C:\Users\Khalil\Desktop\repos\virosolver_paper\plots\5.real_leb_ct\,prior_func_hinge_gp,gaussian_process_model,,FALSE
18,1,21,1,~,C:\Users\Khalil\Desktop\repos\virosolver_paper\pars\lebanon\partab_gp_model.csv,C:\Users\Khalil\Desktop\repos\virosolver_paper\data\RHUH_Ct_data.csv,TRUE,TRUE,gp,sim_LEB_gp,C:\Users\Khalil\Desktop\repos\virosolver_paper\mcmc_chains\5.real_leb_ct\,C:\Users\Khalil\Desktop\repos\virosolver_paper\plots\5.real_leb_ct\,prior_func_hinge_gp,gaussian_process_model,,FALSE
19,1,22,1,~,C:\Users\Khalil\Desktop\repos\virosolver_paper\pars\lebanon\partab_gp_model.csv,C:\Users\Khalil\Desktop\repos\virosolver_paper\data\RHUH_Ct_data.csv,TRUE,TRUE,gp,sim_LEB_gp,C:\Users\Khalil\Desktop\repos\virosolver_paper\mcmc_chains\5.real_leb_ct\,C:\Users\Khalil\Desktop\repos\virosolver_paper\plots\5.real_leb_ct\,prior_func_hinge_gp,gaussian_process_model,,FALSE
20,1,23,1,~,C:\Users\Khalil\Desktop\repos\virosolver_paper\pars\lebanon\partab_gp_model.csv,C:\Users\Khalil\Desktop\repos\virosolver_paper\data\RHUH_Ct_data.csv,TRUE,TRUE,gp,sim_LEB_gp,C:\Users\Khalil\Desktop\repos\virosolver_paper\mcmc_chains\5.real_leb_ct\,C:\Users\Khalil\Desktop\repos\virosolver_paper\plots\5.real_leb_ct\,prior_func_hinge_gp,gaussian_process_model,,FALSE
21,1,24,1,~,C:\Users\Khalil\Desktop\repos\virosolver_paper\pars\lebanon\partab_gp_model.csv,C:\Users\Khalil\Desktop\repos\virosolver_paper\data\RHUH_Ct_data.csv,TRUE,TRUE,gp,sim_LEB_gp,C:\Users\Khalil\Desktop\repos\virosolver_paper\mcmc_chains\5.real_leb_ct\,C:\Users\Khalil\Desktop\repos\virosolver_paper\plots\5.real_leb_ct\,prior_func_hinge_gp,gaussian_process_model,,FALSE
22,1,25,1,~,C:\Users\Khalil\Desktop\repos\virosolver_paper\pars\lebanon\partab_gp_model.csv,C:\Users\Khalil\Desktop\repos\virosolver_paper\data\RHUH_Ct_data.csv,TRUE,TRUE,gp,sim_LEB_gp,C:\Users\Khalil\Desktop\repos\virosolver_paper\mcmc_chains\5.real_leb_ct\,C:\Users\Khalil\Desktop\repos\virosolver_paper\plots\5.real_leb_ct\,prior_func_hinge_gp,gaussian_process_model,,FALSE
23,1,26,1,~,C:\Users\Khalil\Desktop\repos\virosolver_paper\pars\lebanon\partab_gp_model.csv,C:\Users\Khalil\Desktop\repos\virosolver_paper\data\RHUH_Ct_data.csv,TRUE,TRUE,gp,sim_LEB_gp,C:\Users\Khalil\Desktop\repos\virosolver_paper\mcmc_chains\5.real_leb_ct\,C:\Users\Khalil\Desktop\repos\virosolver_paper\plots\5.real_leb_ct\,prior_func_hinge_gp,gaussian_process_model,,FALSE
24,1,27,1,~,C:\Users\Khalil\Desktop\repos\virosolver_paper\pars\lebanon\partab_gp_model.csv,C:\Users\Khalil\Desktop\repos\virosolver_paper\data\RHUH_Ct_data.csv,TRUE,TRUE,gp,sim_LEB_gp,C:\Users\Khalil\Desktop\repos\virosolver_paper\mcmc_chains\5.real_leb_ct\,C:\Users\Khalil\Desktop\repos\virosolver_paper\plots\5.real_leb_ct\,prior_func_hinge_gp,gaussian_process_model,,FALSE
25,1,28,1,~,C:\Users\Khalil\Desktop\repos\virosolver_paper\pars\lebanon\partab_gp_model.csv,C:\Users\Khalil\Desktop\repos\virosolver_paper\data\RHUH_Ct_data.csv,TRUE,TRUE,gp,sim_LEB_gp,C:\Users\Khalil\Desktop\repos\virosolver_paper\mcmc_chains\5.real_leb_ct\,C:\Users\Khalil\Desktop\repos\virosolver_paper\plots\5.real_leb_ct\,prior_func_hinge_gp,gaussian_process_model,,FALSE
26,1,29,1,~,C:\Users\Khalil\Desktop\repos\virosolver_paper\pars\lebanon\partab_gp_model.csv,C:\Users\Khalil\Desktop\repos\virosolver_paper\data\RHUH_Ct_data.csv,TRUE,TRUE,gp,sim_LEB_gp,C:\Users\Khalil\Desktop\repos\virosolver_paper\mcmc_chains\5.real_leb_ct\,C:\Users\Khalil\Desktop\repos\virosolver_paper\plots\5.real_leb_ct\,prior_func_hinge_gp,gaussian_process_model,,FALSE
27,1,30,1,~,C:\Users\Khalil\Desktop\repos\virosolver_paper\pars\lebanon\partab_gp_model.csv,C:\Users\Khalil\Desktop\repos\virosolver_paper\data\RHUH_Ct_data.csv,TRUE,TRUE,gp,sim_LEB_gp,C:\Users\Khalil\Desktop\repos\virosolver_paper\mcmc_chains\5.real_leb_ct\,C:\Users\Khalil\Desktop\repos\virosolver_paper\plots\5.real_leb_ct\,prior_func_hinge_gp,gaussian_process_model,,FALSE
28,1,31,1,~,C:\Users\Khalil\Desktop\repos\virosolver_paper\pars\lebanon\partab_gp_model.csv,C:\Users\Khalil\Desktop\repos\virosolver_paper\data\RHUH_Ct_data.csv,TRUE,TRUE,gp,sim_LEB_gp,C:\Users\Khalil\Desktop\repos\virosolver_paper\mcmc_chains\5.real_leb_ct\,C:\Users\Khalil\Desktop\repos\virosolver_paper\plots\5.real_leb_ct\,prior_func_hinge_gp,gaussian_process_model,,FALSE
29,1,32,1,~,C:\Users\Khalil\Desktop\repos\virosolver_paper\pars\lebanon\partab_gp_model.csv,C:\Users\Khalil\Desktop\repos\virosolver_paper\data\RHUH_Ct_data.csv,TRUE,TRUE,gp,sim_LEB_gp,C:\Users\Khalil\Desktop\repos\virosolver_paper\mcmc_chains\5.real_leb_ct\,C:\Users\Khalil\Desktop\repos\virosolver_paper\plots\5.real_leb_ct\,prior_func_hinge_gp,gaussian_process_model,,FALSE
30,1,33,1,~,C:\Users\Khalil\Desktop\repos\virosolver_paper\pars\lebanon\partab_gp_model.csv,C:\Users\Khalil\Desktop\repos\virosolver_paper\data\RHUH_Ct_data.csv,TRUE,TRUE,gp,sim_LEB_gp,C:\Users\Khalil\Desktop\repos\virosolver_paper\mcmc_chains\5.real_leb_ct\,C:\Users\Khalil\Desktop\repos\virosolver_paper\plots\5.real_leb_ct\,prior_func_hinge_gp,gaussian_process_model,,FALSE
31,1,34,1,~,C:\Users\Khalil\Desktop\repos\virosolver_paper\pars\lebanon\partab_gp_model.csv,C:\Users\Khalil\Desktop\repos\virosolver_paper\data\RHUH_Ct_data.csv,TRUE,TRUE,gp,sim_LEB_gp,C:\Users\Khalil\Desktop\repos\virosolver_paper\mcmc_chains\5.real_leb_ct\,C:\Users\Khalil\Desktop\repos\virosolver_paper\plots\5.real_leb_ct\,prior_func_hinge_gp,gaussian_process_model,,FALSE
32,1,35,1,~,C:\Users\Khalil\Desktop\repos\virosolver_paper\pars\lebanon\partab_gp_model.csv,C:\Users\Khalil\Desktop\repos\virosolver_paper\data\RHUH_Ct_data.csv,TRUE,TRUE,gp,sim_LEB_gp,C:\Users\Khalil\Desktop\repos\virosolver_paper\mcmc_chains\5.real_leb_ct\,C:\Users\Khalil\Desktop\repos\virosolver_paper\plots\5.real_leb_ct\,prior_func_hinge_gp,gaussian_process_model,,FALSE
33,1,36,1,~,C:\Users\Khalil\Desktop\repos\virosolver_paper\pars\lebanon\partab_gp_model.csv,C:\Users\Khalil\Desktop\repos\virosolver_paper\data\RHUH_Ct_data.csv,TRUE,TRUE,gp,sim_LEB_gp,C:\Users\Khalil\Desktop\repos\virosolver_paper\mcmc_chains\5.real_leb_ct\,C:\Users\Khalil\Desktop\repos\virosolver_paper\plots\5.real_leb_ct\,prior_func_hinge_gp,gaussian_process_model,,FALSE
34,1,37,1,~,C:\Users\Khalil\Desktop\repos\virosolver_paper\pars\lebanon\partab_gp_model.csv,C:\Users\Khalil\Desktop\repos\virosolver_paper\data\RHUH_Ct_data.csv,TRUE,TRUE,gp,sim_LEB_gp,C:\Users\Khalil\Desktop\repos\virosolver_paper\mcmc_chains\5.real_leb_ct\,C:\Users\Khalil\Desktop\repos\virosolver_paper\plots\5.real_leb_ct\,prior_func_hinge_gp,gaussian_process_model,,FALSE
35,1,38,1,~,C:\Users\Khalil\Desktop\repos\virosolver_paper\pars\lebanon\partab_gp_model.csv,C:\Users\Khalil\Desktop\repos\virosolver_paper\data\RHUH_Ct_data.csv,TRUE,TRUE,gp,sim_LEB_gp,C:\Users\Khalil\Desktop\repos\virosolver_paper\mcmc_chains\5.real_leb_ct\,C:\Users\Khalil\Desktop\repos\virosolver_paper\plots\5.real_leb_ct\,prior_func_hinge_gp,gaussian_process_model,,FALSE
36,1,39,1,~,C:\Users\Khalil\Desktop\repos\virosolver_paper\pars\lebanon\partab_gp_model.csv,C:\Users\Khalil\Desktop\repos\virosolver_paper\data\RHUH_Ct_data.csv,TRUE,TRUE,gp,sim_LEB_gp,C:\Users\Khalil\Desktop\repos\virosolver_paper\mcmc_chains\5.real_leb_ct\,C:\Users\Khalil\Desktop\repos\virosolver_paper\plots\5.real_leb_ct\,prior_func_hinge_gp,gaussian_process_model,,FALSE
37,1,40,1,~,C:\Users\Khalil\Desktop\repos\virosolver_paper\pars\lebanon\partab_gp_model.csv,C:\Users\Khalil\Desktop\repos\virosolver_paper\data\RHUH_Ct_data.csv,TRUE,TRUE,gp,sim_LEB_gp,C:\Users\Khalil\Desktop\repos\virosolver_paper\mcmc_chains\5.real_leb_ct\,C:\Users\Khalil\Desktop\repos\virosolver_paper\plots\5.real_leb_ct\,prior_func_hinge_gp,gaussian_process_model,,FALSE
38,1,41,1,~,C:\Users\Khalil\Desktop\repos\virosolver_paper\pars\lebanon\partab_gp_model.csv,C:\Users\Khalil\Desktop\repos\virosolver_paper\data\RHUH_Ct_data.csv,TRUE,TRUE,gp,sim_LEB_gp,C:\Users\Khalil\Desktop\repos\virosolver_paper\mcmc_chains\5.real_leb_ct\,C:\Users\Khalil\Desktop\repos\virosolver_paper\plots\5.real_leb_ct\,prior_func_hinge_gp,gaussian_process_model,,FALSE
39,1,42,1,~,C:\Users\Khalil\Desktop\repos\virosolver_paper\pars\lebanon\partab_gp_model.csv,C:\Users\Khalil\Desktop\repos\virosolver_paper\data\RHUH_Ct_data.csv,TRUE,TRUE,gp,sim_LEB_gp,C:\Users\Khalil\Desktop\repos\virosolver_paper\mcmc_chains\5.real_leb_ct\,C:\Users\Khalil\Desktop\repos\virosolver_paper\plots\5.real_leb_ct\,prior_func_hinge_gp,gaussian_process_model,,FALSE
40,1,43,1,~,C:\Users\Khalil\Desktop\repos\virosolver_paper\pars\lebanon\partab_gp_model.csv,C:\Users\Khalil\Desktop\repos\virosolver_paper\data\RHUH_Ct_data.csv,TRUE,TRUE,gp,sim_LEB_gp,C:\Users\Khalil\Desktop\repos\virosolver_paper\mcmc_chains\5.real_leb_ct\,C:\Users\Khalil\Desktop\repos\virosolver_paper\plots\5.real_leb_ct\,prior_func_hinge_gp,gaussian_process_model,,FALSE
41,1,44,1,~,C:\Users\Khalil\Desktop\repos\virosolver_paper\pars\lebanon\partab_gp_model.csv,C:\Users\Khalil\Desktop\repos\virosolver_paper\data\RHUH_Ct_data.csv,TRUE,TRUE,gp,sim_LEB_gp,C:\Users\Khalil\Desktop\repos\virosolver_paper\mcmc_chains\5.real_leb_ct\,C:\Users\Khalil\Desktop\repos\virosolver_paper\plots\5.real_leb_ct\,prior_func_hinge_gp,gaussian_process_model,,FALSE
42,1,45,1,~,C:\Users\Khalil\Desktop\repos\virosolver_paper\pars\lebanon\partab_gp_model.csv,C:\Users\Khalil\Desktop\repos\virosolver_paper\data\RHUH_Ct_data.csv,TRUE,TRUE,gp,sim_LEB_gp,C:\Users\Khalil\Desktop\repos\virosolver_paper\mcmc_chains\5.real_leb_ct\,C:\Users\Khalil\Desktop\repos\virosolver_paper\plots\5.real_leb_ct\,prior_func_hinge_gp,gaussian_process_model,,FALSE
43,1,46,1,~,C:\Users\Khalil\Desktop\repos\virosolver_paper\pars\lebanon\partab_gp_model.csv,C:\Users\Khalil\Desktop\repos\virosolver_paper\data\RHUH_Ct_data.csv,TRUE,TRUE,gp,sim_LEB_gp,C:\Users\Khalil\Desktop\repos\virosolver_paper\mcmc_chains\5.real_leb_ct\,C:\Users\Khalil\Desktop\repos\virosolver_paper\plots\5.real_leb_ct\,prior_func_hinge_gp,gaussian_process_model,,FALSE
44,1,47,1,~,C:\Users\Khalil\Desktop\repos\virosolver_paper\pars\lebanon\partab_gp_model.csv,C:\Users\Khalil\Desktop\repos\virosolver_paper\data\RHUH_Ct_data.csv,TRUE,TRUE,gp,sim_LEB_gp,C:\Users\Khalil\Desktop\repos\virosolver_paper\mcmc_chains\5.real_leb_ct\,C:\Users\Khalil\Desktop\repos\virosolver_paper\plots\5.real_leb_ct\,prior_func_hinge_gp,gaussian_process_model,,FALSE
45,1,48,1,~,C:\Users\Khalil\Desktop\repos\virosolver_paper\pars\lebanon\partab_gp_model.csv,C:\Users\Khalil\Desktop\repos\virosolver_paper\data\RHUH_Ct_data.csv,TRUE,TRUE,gp,sim_LEB_gp,C:\Users\Khalil\Desktop\repos\virosolver_paper\mcmc_chains\5.real_leb_ct\,C:\Users\Khalil\Desktop\repos\virosolver_paper\plots\5.real_leb_ct\,prior_func_hinge_gp,gaussian_process_model,,FALSE
46,1,49,1,~,C:\Users\Khalil\Desktop\repos\virosolver_paper\pars\lebanon\partab_gp_model.csv,C:\Users\Khalil\Desktop\repos\virosolver_paper\data\RHUH_Ct_data.csv,TRUE,TRUE,gp,sim_LEB_gp,C:\Users\Khalil\Desktop\repos\virosolver_paper\mcmc_chains\5.real_leb_ct\,C:\Users\Khalil\Desktop\repos\virosolver_paper\plots\5.real_leb_ct\,prior_func_hinge_gp,gaussian_process_model,,FALSE
47,1,50,1,~,C:\Users\Khalil\Desktop\repos\virosolver_paper\pars\lebanon\partab_gp_model.csv,C:\Users\Khalil\Desktop\repos\virosolver_paper\data\RHUH_Ct_data.csv,TRUE,TRUE,gp,sim_LEB_gp,C:\Users\Khalil\Desktop\repos\virosolver_paper\mcmc_chains\5.real_leb_ct\,C:\Users\Khalil\Desktop\repos\virosolver_paper\plots\5.real_leb_ct\,prior_func_hinge_gp,gaussian_process_model,,FALSE
48,1,51,1,~,C:\Users\Khalil\Desktop\repos\virosolver_paper\pars\lebanon\partab_gp_model.csv,C:\Users\Khalil\Desktop\repos\virosolver_paper\data\RHUH_Ct_data.csv,TRUE,TRUE,gp,sim_LEB_gp,C:\Users\Khalil\Desktop\repos\virosolver_paper\mcmc_chains\5.real_leb_ct\,C:\Users\Khalil\Desktop\repos\virosolver_paper\plots\5.real_leb_ct\,prior_func_hinge_gp,gaussian_process_model,,FALSE
